{
  "num_samples": 36,
  "center": [
    712.8905397203232,
    591.4149035135904
  ],
  "mean_landmarks": [
    [
      628.3427056206597,
      470.2062352498372
    ],
    [
      795.9587292141384,
      472.01903364393445
    ],
    [
      718.8376973470052,
      598.6218215094673
    ],
    [
      652.1050457424587,
      707.037100897895
    ],
    [
      769.2085206773546,
      709.1903262668186
    ]
  ],
  "standard_landmarks": [
    [
      -84.54783409966353,
      -121.20866826375317
    ],
    [
      83.06818949381523,
      -119.39586986965594
    ],
    [
      5.947157626682042,
      7.206917995876893
    ],
    [
      -60.78549397786446,
      115.62219738430463
    ],
    [
      56.31798095703141,
      117.77542275322821
    ]
  ],
  "std_landmarks": [
    [
      112.50896591832098,
      91.20281217319196
    ],
    [
      121.77619465967558,
      90.18226271201384
    ],
    [
      131.982781822648,
      106.24254926506336
    ],
    [
      114.57578628179387,
      118.44536818507525
    ],
    [
      121.23293371492079,
      117.42108331902296
    ]
  ],
  "mean_distances_to_center": [
    148.08233979514978,
    145.99555728737903,
    19.65683624894924,
    131.1848843166963,
    130.95322105389843
  ],
  "standard_distances": [
    147.78321120214162,
    145.44998400726007,
    9.343893772721124,
    130.6268303454849,
    130.54794208940322
  ],
  "landmark_names": [
    "左眼",
    "右眼",
    "鼻尖",
    "左嘴角",
    "右嘴角"
  ]
}